"";"accession_no";"category";"pepseq";"PN";"EUPC";"EUSC";"ESC";"PTS";"PC"
"1";"B2RXX1";"p";"DLEGVISGLQEYLGTIK";"Cep110 protein OS=Mus musculus OX=10090 GN=Cntrl PE=2 SV=1";2;2;3;1,68e-05;0,0133
"2";"B2CY77,P14206";"p";"AIVAIENPADVSVISSR";"Laminin receptor (Fragment) OS=Mus musculus OX=10090 GN=Rpsa PE=2 SV=1";2;2;4;2,24e-05;0,102
"3";"P14733";"p";"AGQTVTVWAANAGVTASPPTDLIWK";"Lamin-B1 OS=Mus musculus OX=10090 GN=Lmnb1 PE=1 SV=3";13;15;25;0,00014;0,323
"4";"A2AQR0";"p";"LAFLNVQAAEEALPR";"Glycerol-3-phosphate dehydrogenase OS=Mus musculus OX=10090 GN=Gpd2 PE=1 SV=1";2;2;2;1,12e-05;0,0376
"5";"Q3ULD6";"p";"LLNNAFEELVAFQR";"DNA replication licensing factor MCM3 OS=Mus musculus OX=10090 GN=Mcm3 PE=2 SV=1";1;1;1;5,61e-06;0,0172
"6";"Q3UL48";"p";"APDFVFYAPR";"FERM domain-containing protein OS=Mus musculus OX=10090 GN=Ezr PE=2 SV=1";0;0;0;0;0,0324
"7";"A2AQ07";"p";"LAVNMVPFPR";"Tubulin beta-1 chain OS=Mus musculus OX=10090 GN=Tubb1 PE=1 SV=1";0;0;0;0;0,0222
"8";"P61027";"p";"AFLTLAEDILR";"Ras-related protein Rab-10 OS=Mus musculus OX=10090 GN=Rab10 PE=1 SV=1";1;1;2;1,12e-05;0,11
"9";"P68134";"p";"AGFAGDDAPR";"Actin, alpha skeletal muscle OS=Mus musculus OX=10090 GN=Acta1 PE=1 SV=1";1;2;4;2,24e-05;0,432
"10";"P51174";"p";"AQDTAELFFEDVR";"Long-chain specific acyl-CoA dehydrogenase, mitochondrial OS=Mus musculus OX=10090 GN=Acadl PE=1 SV=2";1;1;1;5,61e-06;0,0302
"11";"Q4VA53,Q4VA53-3";"p";"SLDPSNLEHLITPLVTIGHIALLAPDQFAAPLK";"Sister chromatid cohesion protein PDS5 homolog B OS=Mus musculus OX=10090 GN=Pds5b PE=1 SV=1";2;2;2;1,12e-05;0,0373
"12";"Q3UJS2";"p";"DHAVVVGVYRPPPK";"Uncharacterized protein OS=Mus musculus OX=10090 GN=Fbl PE=2 SV=1";2;3;4;2,24e-05;0,144
"13";"Q3UJP4";"p";"AVAQALEVIPR";"T-complex protein 1 subunit gamma OS=Mus musculus OX=10090 GN=Cct3 PE=2 SV=1";2;2;2;1,12e-05;0,0404
"14";"Q3UJN1";"p";"DNNDLLLFILK";"DNA replication licensing factor MCM2 OS=Mus musculus OX=10090 GN=Mcm2 PE=2 SV=1";1;1;1;5,61e-06;0,012
"15";"O88569-3";"p";"GGGGNFGPGPGSNFR";"Isoform 3 of Heterogeneous nuclear ribonucleoproteins A2/B1 OS=Mus musculus OX=10090 GN=Hnrnpa2b1";1;1;3;1,68e-05;0,0498
"16";"P68033";"p";"AGFAGDDAPR";"Actin, alpha cardiac muscle 1 OS=Mus musculus OX=10090 GN=Actc1 PE=1 SV=1";2;6;13;7,29e-05;0,467
"17";"Q03265";"p";"AVDSLVPIGR";"ATP synthase subunit alpha, mitochondrial OS=Mus musculus OX=10090 GN=Atp5f1a PE=1 SV=1";19;25;54;0,000303;0,4
"18";"P68372";"p";"ALTVPELTQQMFDAK";"Tubulin beta-4B chain OS=Mus musculus OX=10090 GN=Tubb4b PE=1 SV=1";13;17;33;0,000185;0,4
"19";"P07901,Q3UIF3";"p";"ADLINNLGTIAK";"Heat shock protein HSP 90-alpha OS=Mus musculus OX=10090 GN=Hsp90aa1 PE=1 SV=4";0;0;0;0;0,0355
"20";"P80314";"p";"ASLSLAPVNIFK";"T-complex protein 1 subunit beta OS=Mus musculus OX=10090 GN=Cct2 PE=1 SV=4";4;4;4;2,24e-05;0,103
"21";"O35855";"p";"LGGNYGPTVAVQR";"Branched-chain-amino-acid aminotransferase, mitochondrial OS=Mus musculus OX=10090 GN=Bcat2 PE=1 SV=2";1;1;1;5,61e-06;0,0331
"22";"P04104";"p";"FLEQQNQVLQTK";"Keratin, type II cytoskeletal 1 OS=Mus musculus OX=10090 GN=Krt1 PE=1 SV=4";3;4;7;3,92e-05;0,0518
"23";"Q3UI56";"p";"DAFVAIVQSVK";"Annexin OS=Mus musculus OX=10090 GN=Anxa6 PE=2 SV=1";2;2;2;1,12e-05;0,0297
"24";"Q3UHS6";"p";"AATAPLLEAVDNLSAFASNPEFSSVPAQISPEGR";"Uncharacterized protein OS=Mus musculus OX=10090 GN=Tln1 PE=2 SV=1";18;20;20;0,000112;0,125
"25";"A0A075DC90,P00405,Q7JCZ1";"p";"VVLPMELPIR";"Cytochrome c oxidase subunit 2 OS=Mus musculus OX=10090 GN=COX2 PE=3 SV=1";1;1;1;5,61e-06;0,0441
"26";"Q3UHW5";"p";"ANINVENAFFTLAR";"Uncharacterized protein OS=Mus musculus OX=10090 GN=Rab8a PE=2 SV=1";1;1;1;5,61e-06;0,12
"27";"Q3UH59";"p";"AGVLAHLEEER";"Myosin-10 OS=Mus musculus OX=10090 GN=Myh10 PE=1 SV=1";0;0;0;0;0,0402
"28";"Q6DFW4";"p";"FQDTAEALAAFTALMEGK";"Nucleolar protein 58 OS=Mus musculus OX=10090 GN=Nop58 PE=1 SV=1";3;4;6;3,36e-05;0,0765
"29";"P61028";"p";"LLLIGDSGVGK";"Ras-related protein Rab-8B OS=Mus musculus OX=10090 GN=Rab8b PE=1 SV=1";0;0;0;0;0,0531
"30";"Q3UG68";"p";"NTLLIAGLQAR";"Dolichyl-diphosphooligosaccharide--protein glycosyltransferase 48 kDa subunit OS=Mus musculus OX=10090 GN=Ddost PE=2 SV=1";2;2;2;1,12e-05;0,0499
"31";"Q6PDI5,Q6PDI5-2";"p";"ELQLESLLGAFESLGK";"Proteasome adapter and scaffold protein ECM29 OS=Mus musculus OX=10090 GN=Ecpas PE=1 SV=3";2;2;2;1,12e-05;0,0152
"32";"B2RWH3,Q6GSS7";"p";"VTIAQGGVLPNIQAVLLPK";"Histone H2A OS=Mus musculus OX=10090 GN=Hist2h2aa1 PE=2 SV=1";0;0;0;0;0,146
"33";"P35486,Q3UFJ3";"p";"AILAELTGR";"Pyruvate dehydrogenase E1 component subunit alpha, somatic form, mitochondrial OS=Mus musculus OX=10090 GN=Pdha1 PE=1 SV=1";1;1;1;5,61e-06;0,0231
"34";"P51150";"p";"EAINVEQAFQTIAR";"Ras-related protein Rab-7a OS=Mus musculus OX=10090 GN=Rab7a PE=1 SV=2";1;1;2;1,12e-05;0,0676
"35";"Q3ULJ0,Q3ULJ0-2";"p";"LQGPQTSAEVYR";"Glycerol-3-phosphate dehydrogenase 1-like protein OS=Mus musculus OX=10090 GN=Gpd1l PE=1 SV=2";1;1;1;5,61e-06;0,0342
"36";"Q3UE40";"p";"ILLLGAGESGK";"Uncharacterized protein OS=Mus musculus OX=10090 GN=Gna13 PE=2 SV=1";1;1;1;5,61e-06;0,0292
"37";"P47911,Q3UCH0";"p";"AVDLQILPK";"60S ribosomal protein L6 OS=Mus musculus OX=10090 GN=Rpl6 PE=1 SV=3";2;2;2;1,12e-05;0,0811
"38";"P29758,Q3UKT3";"p";"GLLNAIVIR";"Ornithine aminotransferase, mitochondrial OS=Mus musculus OX=10090 GN=Oat PE=1 SV=1";2;3;3;1,68e-05;0,0456
"39";"A0A097PUG4";"p";"VDNALQSGNSQESVTEQDSK";"Anti-lox-1 15C4 light chain OS=Mus musculus OX=10090 PE=1 SV=1";1;1;1;5,61e-06;0,084
"40";"O35129";"p";"FNASQLITQR";"Prohibitin-2 OS=Mus musculus OX=10090 GN=Phb2 PE=1 SV=1";6;6;6;3,36e-05;0,294
"41";"Q3TFG3";"p";"GIYAYGFEKPSAIQQR";"RNA helicase OS=Mus musculus OX=10090 GN=Eif4a1 PE=2 SV=1";2;2;4;2,24e-05;0,0985
"42";"O08749";"p";"EANLAAAFGKPINF";"Dihydrolipoyl dehydrogenase, mitochondrial OS=Mus musculus OX=10090 GN=Dld PE=1 SV=2";2;2;2;1,12e-05;0,053
"43";"O08692";"p";"LLSATPPSSQNPATNIPLQFR";"Neutrophilic granule protein OS=Mus musculus OX=10090 GN=Ngp PE=1 SV=1";1;2;2;1,12e-05;0,126
"44";"P00920";"p";"AVQQPDGLAVLGIFLK";"Carbonic anhydrase 2 OS=Mus musculus OX=10090 GN=Ca2 PE=1 SV=4";1;1;2;1,12e-05;0,0615
"45";"E9PVA8";"p";"AALLETLSLLLGK";"eIF-2-alpha kinase activator GCN1 OS=Mus musculus OX=10090 GN=Gcn1 PE=1 SV=1";8;9;11;6,17e-05;0,0446
"46";"Q542F1,Q9Z1Q5";"p";"LAALNPESNTSGLDIFAK";"Chloride intracellular channel protein OS=Mus musculus OX=10090 GN=Clic1 PE=1 SV=1";1;1;1;5,61e-06;0,0747
"47";"Q8QZY1";"p";"LAGFLDLTEQEFR";"Eukaryotic translation initiation factor 3 subunit L OS=Mus musculus OX=10090 GN=Eif3l PE=1 SV=1";1;1;1;5,61e-06;0,023
"48";"Q8QZT1";"p";"IAAFADAAVDPIDFPLAPAYAVPK";"Acetyl-CoA acetyltransferase, mitochondrial OS=Mus musculus OX=10090 GN=Acat1 PE=1 SV=1";3;4;4;2,24e-05;0,125
"49";"Q9DCW4";"p";"LKLPAVVTADLR";"Electron transfer flavoprotein subunit beta OS=Mus musculus OX=10090 GN=Etfb PE=1 SV=3";2;2;2;1,12e-05;0,0941
"50";"Q9DCT2";"p";"QLSAFGEYVAEILPK";"NADH dehydrogenase [ubiquinone] iron-sulfur protein 3, mitochondrial OS=Mus musculus OX=10090 GN=Ndufs3 PE=1 SV=2";1;1;2;1,12e-05;0,057
"51";"D3YUK4,Q9DCS9";"p";"TPAPSPQTSLPNPITYLTK";"NADH dehydrogenase [ubiquinone] 1 beta subcomplex subunit 10 (Fragment) OS=Mus musculus OX=10090 GN=Ndufb10 PE=1 SV=1";1;1;1;5,61e-06;0,128
"52";"Q8BJS4,Q8BJS4-2";"p";"ADVESQFPDWIR";"SUN domain-containing protein 2 OS=Mus musculus OX=10090 GN=Sun2 PE=1 SV=3";6;7;8;4,48e-05;0,126
"53";"E9PZ16";"p";"AASISAVSLEVAQPGPSSGPR";"Basement membrane-specific heparan sulfate proteoglycan core protein OS=Mus musculus OX=10090 GN=Hspg2 PE=1 SV=1";34;44;46;0,000258;0,12
"54";"Q9DC69";"p";"SSVSGVVATVFGATGFLGR";"NADH dehydrogenase [ubiquinone] 1 alpha subcomplex subunit 9, mitochondrial OS=Mus musculus OX=10090 GN=Ndufa9 PE=1 SV=2";1;1;1;5,61e-06;0,0504
"55";"Q3UV17";"p";"AQYEDIAQK";"Keratin, type II cytoskeletal 2 oral OS=Mus musculus OX=10090 GN=Krt76 PE=1 SV=1";2;2;5;2,8e-05;0,0926
"56";"P54071";"p";"GRPTSTNPIASIFAWTR";"Isocitrate dehydrogenase [NADP], mitochondrial OS=Mus musculus OX=10090 GN=Idh2 PE=1 SV=3";1;1;1;5,61e-06;0,0376
"57";"Q3TZJ3";"p";"ARFEELNADLFR";"Uncharacterized protein OS=Mus musculus OX=10090 GN=Hspa8 PE=2 SV=1";10;12;15;8,41e-05;0,212
"58";"A0A0N4SV66";"p";"VTIAQGGVLPNIQAVLLPK";"Histone H2A OS=Mus musculus OX=10090 GN=H2aj PE=1 SV=1";0;0;0;0;0,151
"59";"A0A1B0GR11";"p";"LSSTWEGIQAGK";"Transaldolase OS=Mus musculus OX=10090 GN=Taldo1 PE=1 SV=1";1;1;1;5,61e-06;0,0314
"60";"Q9DB20";"p";"FSPLTANLMNLLAENGR";"ATP synthase subunit O, mitochondrial OS=Mus musculus OX=10090 GN=Atp5po PE=1 SV=1";5;5;5;2,8e-05;0,296
"61";"Q9QZS0";"p";"AHGQDLGTLGSCLQ";"Collagen alpha-3(IV) chain OS=Mus musculus OX=10090 GN=Col4a3 PE=1 SV=2";2;2;2;1,12e-05;0,0204
"62";"Q9QZE5";"p";"SIATLAITTLLK";"Coatomer subunit gamma-1 OS=Mus musculus OX=10090 GN=Copg1 PE=1 SV=1";1;1;2;1,12e-05;0,0137
"63";"Q8JZN5";"p";"VPVENVLGEVGGGFK";"Complex I assembly factor ACAD9, mitochondrial OS=Mus musculus OX=10090 GN=Acad9 PE=1 SV=2";1;1;1;5,61e-06;0,024
"64";"Q3U6D2,Q8VE37";"p";"VPELFANR";"Uncharacterized protein OS=Mus musculus OX=10090 GN=Rcc1 PE=2 SV=1";1;1;1;5,61e-06;0,019
"65";"Q5DTI2";"p";"ISLPVILMDETLK";"P-type Ca(2+) transporter (Fragment) OS=Mus musculus OX=10090 GN=Atp2a2 PE=2 SV=1";2;2;2;1,12e-05;0,0339
"66";"Q3TXJ4";"p";"LVFLGLDNAGK";"Uncharacterized protein OS=Mus musculus OX=10090 GN=Sar1a PE=2 SV=1";1;1;1;5,61e-06;0,0556
"67";"Q3U9G9";"p";"AKEIESEEQNLVTK";"Delta(14)-sterol reductase LBR OS=Mus musculus OX=10090 GN=Lbr PE=1 SV=2";7;9;16;8,97e-05;0,115
"68";"P17182";"p";"AAVPSGASTGIYEALELR";"Alpha-enolase OS=Mus musculus OX=10090 GN=Eno1 PE=1 SV=3";2;2;2;1,12e-05;0,0853
"69";"Q3UQ93";"p";"LLTLILTVLTVGFGLAR";"Translocating chain-associated membrane protein OS=Mus musculus OX=10090 GN=Tram1 PE=2 SV=1";1;1;1;5,61e-06;0,0455
"70";"Q3U8F5";"p";"LQEVIETLLSLEK";"PCI domain-containing protein OS=Mus musculus OX=10090 GN=Psmd12 PE=2 SV=1";1;1;1;5,61e-06;0,0285
"71";"Q9QWL7";"p";"ADLEMQIENLKEELAYLKK";"Keratin, type I cytoskeletal 17 OS=Mus musculus OX=10090 GN=Krt17 PE=1 SV=3";5;5;8;4,48e-05;0,268
"72";"Q3TVS6";"p";"NGPVEGAFTVFSDFLTYK";"Cathepsin B OS=Mus musculus OX=10090 GN=Ctsb PE=2 SV=1";1;1;1;5,61e-06;0,0531
"73";"Q8CAQ8,Q8CAQ8-5";"p";"EIAGATPHITAAEGR";"MICOS complex subunit Mic60 OS=Mus musculus OX=10090 GN=Immt PE=1 SV=1";3;3;3;1,68e-05;0,0661
"74";"Q3U837";"p";"ILVATNLFGR";"RNA helicase OS=Mus musculus OX=10090 GN=Ddx39a PE=2 SV=1";1;2;3;1,68e-05;0,0234
"75";"Q8R5J9";"p";"AWDDFFPGSDR";"PRA1 family protein 3 OS=Mus musculus OX=10090 GN=Arl6ip5 PE=1 SV=2";1;1;2;1,12e-05;0,0585
"76";"P11881-5,P11881-6";"p";"AIAIPVDLDSQVNNLFLK";"Isoform 5 of Inositol 1,4,5-trisphosphate receptor type 1 OS=Mus musculus OX=10090 GN=Itpr1";1;1;1;5,61e-06;0,00659
"77";"Q0VG47,Q8BG05-2";"p";"IETIEVMEDR";"Heterogeneous nuclear ribonucleoprotein A3 OS=Mus musculus OX=10090 GN=Hnrnpa3 PE=2 SV=1";4;4;7;3,92e-05;0,179
"78";"Q3U741";"p";"APILIATDVASR";"RNA helicase OS=Mus musculus OX=10090 GN=Ddx17 PE=1 SV=1";1;1;1;5,61e-06;0,0613
"79";"Q99PV0";"p";"ATEPQMVLFNLYDDWLK";"Pre-mRNA-processing-splicing factor 8 OS=Mus musculus OX=10090 GN=Prpf8 PE=1 SV=2";14;17;18;0,000101;0,101
"80";"Q9Z0W3";"p";"DLLILQQLLTR";"Nuclear pore complex protein Nup160 OS=Mus musculus OX=10090 GN=Nup160 PE=1 SV=2";3;4;6;3,36e-05;0,0292
"81";"P17710-2";"p";"GAALITAVGVR";"Isoform HK1-SB of Hexokinase-1 OS=Mus musculus OX=10090 GN=Hk1";3;4;4;2,24e-05;0,0402
"82";"Q3TTX0";"p";"DLSAAGIGLLAAATQSLSMPASLGR";"Uncharacterized protein OS=Mus musculus OX=10090 GN=Matr3 PE=2 SV=1";4;5;5;2,8e-05;0,0969
"83";"P10126";"p";"EHALLAYTLGVK";"Elongation factor 1-alpha 1 OS=Mus musculus OX=10090 GN=Eef1a1 PE=1 SV=3";9;13;27;0,000151;0,331
"84";"B2RQC6,E9QAI5";"p";"EAAAGNIGGQTVR";"CAD protein OS=Mus musculus OX=10090 GN=Cad PE=1 SV=1";7;7;7;3,92e-05;0,04
"85";"Q3TTN3";"p";"VNNASLIGLGYTQTLRPGVK";"Voltage-dependent anion-selective channel protein 3 OS=Mus musculus OX=10090 GN=Vdac3 PE=2 SV=1";1;1;1;5,61e-06;0,0707
"86";"Q6ZQ45,Q80X48,Q99P88";"p";"EITAIESSVPVQLLESVLQELK";"MKIAA0791 protein (Fragment) OS=Mus musculus OX=10090 GN=Nup155 PE=2 SV=1";5;6;7;3,92e-05;0,0668
"87";"A0A2R8W6P0,Q61735-2";"p";"ISVSDLINGIASLK";"Leukocyte surface antigen CD47 OS=Mus musculus OX=10090 GN=Cd47 PE=1 SV=1";1;1;4;2,24e-05;0,0409
"88";"Q9CZU6";"p";"ALGFPLERPK";"Citrate synthase, mitochondrial OS=Mus musculus OX=10090 GN=Cs PE=1 SV=1";6;6;7;3,92e-05;0,153
"89";"Q9QZQ8-2";"p";"AASADSTTEGTPTDGFTVLSTK";"Isoform 1 of Core histone macro-H2A.1 OS=Mus musculus OX=10090 GN=Macroh2a1";4;4;6;3,36e-05;0,171
"90";"Q9CZN7";"p";"LIIAGTSAYAR";"Serine hydroxymethyltransferase, mitochondrial OS=Mus musculus OX=10090 GN=Shmt2 PE=1 SV=1";1;1;1;5,61e-06;0,0218
"91";"A0A1S6GWJ8";"p";"AFITNIPFDVK";"Uncharacterized protein OS=Mus musculus OX=10090 GN=Hnrnpm PE=2 SV=1";6;6;9;5,05e-05;0,109
"92";"A8DUP5";"p";"DFTPAAQAAFQK";"Beta-globin OS=Mus musculus OX=10090 GN=Hbbt1 PE=3 SV=1";4;5;14;7,85e-05;0,367
"93";"Q9CXW4";"p";"VLEQLTGQTPVFSK";"60S ribosomal protein L11 OS=Mus musculus OX=10090 GN=Rpl11 PE=1 SV=4";1;1;1;5,61e-06;0,0787
"94";"P20108";"p";"DYGVLLESAGIALR";"Thioredoxin-dependent peroxide reductase, mitochondrial OS=Mus musculus OX=10090 GN=Prdx3 PE=1 SV=1";2;2;2;1,12e-05;0,101
"95";"Q9D9D7";"p";"ELIEIISGAAALD";"ATP synthase subunit gamma OS=Mus musculus OX=10090 GN=Atp5c1 PE=2 SV=1";2;2;2;1,12e-05;0,0839
"96";"P37040";"p";"FAVFGLGNK";"NADPH--cytochrome P450 reductase OS=Mus musculus OX=10090 GN=Por PE=1 SV=2";1;1;1;5,61e-06;0,0133
"97";"P67778";"p";"AAELIANSLATAGDGLIELR";"Prohibitin 1 OS=Mus musculus OX=10090 GN=Phb1 PE=1 SV=1";6;9;9;5,05e-05;0,312
"98";"Q4FZK2,Q9D8N0";"p";"ALIAAQYSGAQVR";"Elongation factor 1-gamma OS=Mus musculus OX=10090 GN=Eef1g PE=1 SV=1";1;1;2;1,12e-05;0,0297
"99";"Q99LC5";"p";"AAVDAGFVPNDMQVGQTGK";"Electron transfer flavoprotein subunit alpha, mitochondrial OS=Mus musculus OX=10090 GN=Etfa PE=1 SV=2";8;12;15;8,41e-05;0,459
"100";"O89053,Q3U1N0,Q3U232";"p";"ATPEPSGTPSSDTVSR";"Coronin-1A OS=Mus musculus OX=10090 GN=Coro1a PE=1 SV=5";5;5;10;5,61e-05;0,21
"101";"Q3U1K9";"p";"LAPPLVTLLSAEPELQYVALR";"AP complex subunit beta OS=Mus musculus OX=10090 GN=Ap1b1 PE=2 SV=1";2;2;2;1,12e-05;0,0509
"102";"G3UY93";"p";"ALNPLEDWLR";"Valine--tRNA ligase (Fragment) OS=Mus musculus OX=10090 GN=Vars PE=1 SV=1";2;2;2;1,12e-05;0,0203
"103";"Q99L43";"p";"AETAPLPTSVDDTPEVLNR";"Phosphatidate cytidylyltransferase 2 OS=Mus musculus OX=10090 GN=Cds2 PE=1 SV=1";2;2;2;1,12e-05;0,0811
"104";"Q14C24,Q9D883";"p";"AEYLASIFGTEK";"U2 small nuclear ribonucleoprotein auxiliary factor (U2AF) 1 OS=Mus musculus OX=10090 GN=U2af1 PE=1 SV=1";1;1;1;5,61e-06;0,0502
"105";"Q8K2C9";"p";"VELSDVQNPAISITDNVLHFK";"Very-long-chain (3R)-3-hydroxyacyl-CoA dehydratase 3 OS=Mus musculus OX=10090 GN=Hacd3 PE=1 SV=2";1;1;1;5,61e-06;0,058
"106";"Q99KI0";"p";"AKDINQEVYNFLATAGAK";"Aconitate hydratase, mitochondrial OS=Mus musculus OX=10090 GN=Aco2 PE=1 SV=1";16;20;28;0,000157;0,273
"107";"Q8K2B3";"p";"ISQLYGDLK";"Succinate dehydrogenase [ubiquinone] flavoprotein subunit, mitochondrial OS=Mus musculus OX=10090 GN=Sdha PE=1 SV=1";3;5;6;3,36e-05;0,0512
"108";"Q99KE1";"p";"ALTTQLTDAELAQGR";"NAD-dependent malic enzyme, mitochondrial OS=Mus musculus OX=10090 GN=Me2 PE=1 SV=1";1;1;1;5,61e-06;0,0255
"109";"Q3TGW0,Q3TWJ4,Q99JY9";"p";"DITYFIQQLLR";"Actin-related protein 3 OS=Mus musculus OX=10090 GN=Actr3 PE=2 SV=1";1;1;4;2,24e-05;0,0263
"110";"Q99JY3";"p";"YVALTSPGPHALLLVVPLGR";"GTPase IMAP family member 4 OS=Mus musculus OX=10090 GN=Gimap4 PE=1 SV=2";1;1;1;5,61e-06;0,061
"111";"Q99JY0";"p";"AALSGLLHR";"Trifunctional enzyme subunit beta, mitochondrial OS=Mus musculus OX=10090 GN=Hadhb PE=1 SV=1";5;5;7;3,92e-05;0,0989
"112";"Q8K224";"p";"TVSSEAVSLLEEVITPR";"RNA cytidine acetyltransferase OS=Mus musculus OX=10090 GN=Nat10 PE=1 SV=1";1;1;1;5,61e-06;0,0166
"113";"Q9D6Z1";"p";"EAVVQAEEAAAEITR";"Nucleolar protein 56 OS=Mus musculus OX=10090 GN=Nop56 PE=1 SV=2";5;6;9;5,05e-05;0,105
"114";"Q99JR5";"p";"ITGWGEETLPDGR";"Tubulointerstitial nephritis antigen-like OS=Mus musculus OX=10090 GN=Tinagl1 PE=1 SV=1";2;2;2;1,12e-05;0,0472
"115";"Q9R112";"p";"ANIIFNTALGTIFGVK";"Sulfide:quinone oxidoreductase, mitochondrial OS=Mus musculus OX=10090 GN=Sqor PE=1 SV=3";1;1;1;5,61e-06;0,0356
"116";"Q9R0H5";"p";"FLEQQNQVLQTK";"Keratin, type II cytoskeletal 71 OS=Mus musculus OX=10090 GN=Krt71 PE=1 SV=1";1;1;1;5,61e-06;0,0687
"117";"Q99J99";"p";"LLDASWYLPK";"3-mercaptopyruvate sulfurtransferase OS=Mus musculus OX=10090 GN=Mpst PE=1 SV=4";1;1;1;5,61e-06;0,0337
"118";"Q8K0E8";"p";"ENENVINEYSSILEDQR";"Fibrinogen beta chain OS=Mus musculus OX=10090 GN=Fgb PE=1 SV=1";4;4;5;2,8e-05;0,164
"119";"P50446";"p";"AEAESWYQTK";"Keratin, type II cytoskeletal 6A OS=Mus musculus OX=10090 GN=Krt6a PE=1 SV=3";8;10;20;0,000112;0,215
"120";"P45376,Q3TCL2,Q3UDY1,Q5U415";"p";"TIGVSNFNPLQIER";"Aldo-keto reductase family 1 member B1 OS=Mus musculus OX=10090 GN=Akr1b1 PE=1 SV=3";1;1;1;5,61e-06;0,0443
"121";"Q3TM67";"p";"ALETLTGALFQRPPLIAAVK";"Uncharacterized protein OS=Mus musculus OX=10090 GN=Dkc1 PE=2 SV=1";2;2;3;1,68e-05;0,0648
"122";"P61979,Q5FWJ5";"p";"GSYGDLGGPIITTQVTIPK";"Heterogeneous nuclear ribonucleoprotein K OS=Mus musculus OX=10090 GN=Hnrnpk PE=1 SV=1";5;5;9;5,05e-05;0,186
"123";"Q5FWB6";"p";"GNVGFVFTK";"60S acidic ribosomal protein P0 OS=Mus musculus OX=10090 GN=Rplp0 PE=2 SV=1";3;3;3;1,68e-05;0,107
"124";"Q3UVJ2";"p";"GAVPYVQAFDSLLANPVAEYLK";"Adenylyl cyclase-associated protein OS=Mus musculus OX=10090 GN=Cap1 PE=2 SV=1";2;3;3;1,68e-05;0,0865
"125";"G5E902";"p";"ALYSNILGEENTYLWR";"Phosphate carrier protein, mitochondrial OS=Mus musculus OX=10090 GN=Slc25a3 PE=1 SV=1";3;3;5;2,8e-05;0,109
"126";"Q3TKU6";"p";"IPVDTYNNILTVLK";"Vacuolar protein sorting-associated protein 35 OS=Mus musculus OX=10090 GN=Vps35 PE=2 SV=1";1;1;1;5,61e-06;0,0176
"127";"Q9CR62";"p";"AVVVNAAQLASYSQSK";"Mitochondrial 2-oxoglutarate/malate carrier protein OS=Mus musculus OX=10090 GN=Slc25a11 PE=1 SV=3";4;4;4;2,24e-05;0,191
"128";"Q9CQQ7";"p";"LGLIPEEFFQFLYPK";"ATP synthase F(0) complex subunit B1, mitochondrial OS=Mus musculus OX=10090 GN=Atp5pb PE=1 SV=1";1;2;2;1,12e-05;0,0586
"129";"Q3UPJ8,Q922Z3,Q9CQN1";"p";"AQLLQPTLEINPR";"HATPase_c domain-containing protein OS=Mus musculus OX=10090 GN=Trap1 PE=2 SV=1";5;6;6;3,36e-05;0,129
"130";"A0A0R4J0V5";"p";"TPSLTVFLLGQSAR";"DNA-directed RNA polymerase subunit OS=Mus musculus OX=10090 GN=Polr2a PE=1 SV=1";2;2;2;1,12e-05;0,0166
"131";"Q9CQA3";"p";"DLVPDLSNFYAQYK";"Succinate dehydrogenase [ubiquinone] iron-sulfur subunit, mitochondrial OS=Mus musculus OX=10090 GN=Sdhb PE=1 SV=1";1;1;1;5,61e-06;0,0496
"132";"P48962";"p";"DFLAGGIAAAVSK";"ADP/ATP translocase 1 OS=Mus musculus OX=10090 GN=Slc25a4 PE=1 SV=4";2;2;2;1,12e-05;0,245
"133";"P60335";"p";"IITLTGPTNAIFK";"Poly(rC)-binding protein 1 OS=Mus musculus OX=10090 GN=Pcbp1 PE=1 SV=1";1;1;2;1,12e-05;0,0365
"134";"Q4FJK0,Q9CQ62";"p";"VAFITGGGTGLGK";"Decr1 protein OS=Mus musculus OX=10090 GN=Decr1 PE=1 SV=1";1;1;1;5,61e-06;0,0388
"135";"P70168,Q3TFE8,Q3UHW8,Q7TSZ6";"p";"AAVENLPTFLVELSR";"Importin subunit beta-1 OS=Mus musculus OX=10090 GN=Kpnb1 PE=1 SV=2";7;8;10;5,61e-05;0,1
"136";"Q0PD66,Q9D1G1";"p";"LLLIGDSGVGK";"Rab1B OS=Mus musculus OX=10090 GN=Rab1b PE=1 SV=1";1;1;1;5,61e-06;0,0547
"137";"Q02257";"p";"LLNDEDPVVVTK";"Junction plakoglobin OS=Mus musculus OX=10090 GN=Jup PE=1 SV=3";6;6;9;5,05e-05;0,111
"138";"Q3TII0";"p";"ALIAGGGAPEIELALR";"T-complex protein 1 subunit delta OS=Mus musculus OX=10090 GN=Cct4 PE=2 SV=1";3;3;3;1,68e-05;0,0779
"139";"Q3TIG8";"p";"KLETAVNLAWTAGNSNTR";"Voltage-dependent anion-selective channel protein 1 OS=Mus musculus OX=10090 GN=Vdac1 PE=2 SV=1";1;1;1;5,61e-06;0,0636
"140";"O35286,Q3TFE5,Q497W9";"p";"TLATDILMGVLK";"ATP-dependent RNA helicase DHX15 OS=Mus musculus OX=10090 GN=Dhx15 PE=1 SV=2";1;1;2;1,12e-05;0,0151
"141";"Q3TI62";"p";"AQLGVQAFADALLIIPK";"Uncharacterized protein OS=Mus musculus OX=10090 GN=Cct6a PE=2 SV=1";4;4;4;2,24e-05;0,132
"142";"Q3UME9,Q80UM7";"p";"LGPLLDVLADSR";"Mannosyl-oligosaccharide glucosidase OS=Mus musculus OX=10090 GN=Mogs PE=2 SV=1";1;1;1;5,61e-06;0,0144
"143";"P62242,Q497E9";"p";"IIDVVYNASNNELVR";"40S ribosomal protein S8 OS=Mus musculus OX=10090 GN=Rps8 PE=1 SV=2";2;2;2;1,12e-05;0,135
"144";"Q9D051";"p";"DIIFAVKK";"Pyruvate dehydrogenase E1 component subunit beta, mitochondrial OS=Mus musculus OX=10090 GN=Pdhb PE=1 SV=1";3;3;3;1,68e-05;0,0975
"145";"Q9JKR6";"p";"DAVIYPILVEFTR";"Hypoxia up-regulated protein 1 OS=Mus musculus OX=10090 GN=Hyou1 PE=1 SV=1";2;2;3;1,68e-05;0,032
"146";"Q6ZQK2,Q9JKF1";"p";"ALQSLALGLR";"Ras GTPase-activating-like protein IQGAP1 OS=Mus musculus OX=10090 GN=Iqgap1 PE=1 SV=2";25;26;31;0,000174;0,26
"147";"F8WHL2";"p";"ASNLENSTYDLYTIPK";"Coatomer subunit alpha OS=Mus musculus OX=10090 GN=Copa PE=1 SV=1";2;2;2;1,12e-05;0,0227
"148";"Q7TPV4";"p";"AGNALGGVDNEEEEELGDEAMMALDQNLASLFK";"Myb-binding protein 1A OS=Mus musculus OX=10090 GN=Mybbp1a PE=1 SV=2";10;14;20;0,000112;0,114
"149";"Q7TPR4";"p";"VGWEQLLTTIAR";"Alpha-actinin-1 OS=Mus musculus OX=10090 GN=Actn1 PE=1 SV=1";1;1;1;5,61e-06;0,0135
"150";"Q9JIK5";"p";"APQVLVLAPTR";"Nucleolar RNA helicase 2 OS=Mus musculus OX=10090 GN=Ddx21 PE=1 SV=3";3;3;5;2,8e-05;0,0517
"151";"Q3TET0";"p";"LPIGDVATQYFADR";"T-complex protein 1 subunit eta OS=Mus musculus OX=10090 GN=Cct7 PE=2 SV=1";2;2;2;1,12e-05;0,0662
"152";"Q9JHU4";"p";"EALELTDTGLLSGSEER";"Cytoplasmic dynein 1 heavy chain 1 OS=Mus musculus OX=10090 GN=Dync1h1 PE=1 SV=2";16;16;16;8,97e-05;0,0584
"153";"P08249";"p";"AGAGSATLSMAYAGAR";"Malate dehydrogenase, mitochondrial OS=Mus musculus OX=10090 GN=Mdh2 PE=1 SV=3";3;3;4;2,24e-05;0,136
"154";"Q9JI11";"p";"TLTEDEIATILQSTLK";"Serine/threonine-protein kinase 4 OS=Mus musculus OX=10090 GN=Stk4 PE=1 SV=1";1;1;1;5,61e-06;0,0329
"155";"B8YJF9";"p";"LRPVAAEVYGTK";"Lactotransferrin OS=Mus musculus OX=10090 GN=Ltf PE=2 SV=1";1;1;1;5,61e-06;0,017
"156";"Q9JHI5";"p";"GITAFIVEK";"Isovaleryl-CoA dehydrogenase, mitochondrial OS=Mus musculus OX=10090 GN=Ivd PE=1 SV=1";1;1;1;5,61e-06;0,0212
"157";"A8DV41,P02089,Q54AH9";"p";"DFTPAAQAAFQK";"Beta-globin OS=Mus musculus OX=10090 GN=Hbbt2 PE=3 SV=1";1;1;1;5,61e-06;0,238
"158";"P48678";"p";"SGAQASSTPLSPTR";"Prelamin-A/C OS=Mus musculus OX=10090 GN=Lmna PE=1 SV=2";2;2;2;1,12e-05;0,0421
"159";"Q7TMX4";"p";"IYADTFGDINYQEFAK";"116 kDa U5 small nuclear ribonucleoprotein component OS=Mus musculus OX=10090 GN=Eftud2 PE=2 SV=1";2;2;2;1,12e-05;0,0288
"160";"Q7TMX2";"p";"QLSQSLLPAIVELAEDAKWR";"Protein phosphatase 2 (Formerly 2A), regulatory subunit A (PR 65), alpha isoform OS=Mus musculus OX=10090 GN=Ppp2r1a PE=2 SV=1";2;2;2;1,12e-05;0,0611
"161";"Q7TMK9";"p";"DLFEDELVPLFEK";"Heterogeneous nuclear ribonucleoprotein Q OS=Mus musculus OX=10090 GN=Syncrip PE=1 SV=2";1;1;1;5,61e-06;0,0209
"162";"Q61781";"p";"ADLEMQIESLKEELAYLKK";"Keratin, type I cytoskeletal 14 OS=Mus musculus OX=10090 GN=Krt14 PE=1 SV=2";13;18;38;0,000213;0,308
"163";"Q3V2D0,Q8CGK3";"p";"AQLSAAVLTLLIK";"Lon protease homolog, mitochondrial OS=Mus musculus OX=10090 GN=Lonp1 PE=2 SV=1";3;3;3;1,68e-05;0,0388
"164";"Q4FK88";"p";"ALTGHLEEVVLAMLK";"Annexin OS=Mus musculus OX=10090 GN=Anxa1 PE=2 SV=1";3;4;7;3,92e-05;0,13
"165";"P06800";"p";"ATVIVMVTR";"Receptor-type tyrosine-protein phosphatase C OS=Mus musculus OX=10090 GN=Ptprc PE=1 SV=4";3;3;4;2,24e-05;0,0232
"166";"A0A1S6GWH5";"p";"AAVASLLQSVQVPEFTPK";"E1 ubiquitin-activating enzyme OS=Mus musculus OX=10090 GN=Uba1 PE=2 SV=1";9;13;23;0,000129;0,145
"167";"Q3TF40";"p";"FAQPGSFEYEYAMR";"Uncharacterized protein (Fragment) OS=Mus musculus OX=10090 GN=Nono PE=2 SV=1";3;3;4;2,24e-05;0,0928
"168";"P43277";"p";"ALAAAGYDVEK";"Histone H1.3 OS=Mus musculus OX=10090 GN=H1-3 PE=1 SV=2";1;1;1;5,61e-06;0,244
"169";"P43276";"p";"ALAAGGYDVEK";"Histone H1.5 OS=Mus musculus OX=10090 GN=H1-5 PE=1 SV=2";1;1;1;5,61e-06;0,0493
"170";"P43275";"p";"SETAPVAQAASTATEKPAAAK";"Histone H1.1 OS=Mus musculus OX=10090 GN=H1-1 PE=1 SV=2";1;1;1;5,61e-06;0,146
"171";"P43274";"p";"ALAAAGYDVEK";"Histone H1.4 OS=Mus musculus OX=10090 GN=H1-4 PE=1 SV=2";2;2;3;1,68e-05;0,242
"172";"Q8BH59";"p";"FTLGSVAGAVGATAVYPIDLVK";"Electrogenic aspartate/glutamate antiporter SLC25A12, mitochondrial OS=Mus musculus OX=10090 GN=Slc25a12 PE=1 SV=1";7;10;11;6,17e-05;0,194
"173";"A0A3B2W864";"p";"IAIYELLFK";"Predicted gene, 49804 OS=Mus musculus OX=10090 GN=Gm49804 PE=3 SV=1";1;1;1;5,61e-06;0,0314
"174";"A0A087WPL5,E9QNN1";"p";"ELDALDANDELTPLGR";"RNA helicase OS=Mus musculus OX=10090 GN=Dhx9 PE=1 SV=1";9;11;16;8,97e-05;0,111
"175";"A0A5K1VVQ9";"p";"EVPAPIR";"Titin OS=Mus musculus OX=10090 GN=Ttn PE=1 SV=1";1;1;1;5,61e-06;0,000198
"176";"Q91ZW3";"p";"LLNILMQLR";"SWI/SNF-related matrix-associated actin-dependent regulator of chromatin subfamily A member 5 OS=Mus musculus OX=10090 GN=Smarca5 PE=1 SV=1";1;1;1;5,61e-06;0,00856
"177";"G5E924";"p";"IEYAKPTR";"Heterogeneous nuclear ribonucleoprotein L (Fragment) OS=Mus musculus OX=10090 GN=Hnrnpl PE=1 SV=1";4;4;5;2,8e-05;0,0943
"178";"Q91YR7";"p";"AAVELEEPEDAR";"Pre-mRNA-processing factor 6 OS=Mus musculus OX=10090 GN=Prpf6 PE=1 SV=1";1;1;1;5,61e-06;0,0128
"179";"P19001";"p";"LAADDFR";"Keratin, type I cytoskeletal 19 OS=Mus musculus OX=10090 GN=Krt19 PE=1 SV=1";0;0;0;0;0,0844
"180";"Q3UA17,Q791V5";"p";"ADAASQVLLGSGLTILSQPLMYVK";"Uncharacterized protein OS=Mus musculus OX=10090 GN=Mtch2 PE=2 SV=1";1;2;2;1,12e-05;0,0792
"181";"G5E866,Q99NB9";"p";"AIGPHDVLATLLNNLK";"Splicing factor 3B subunit 1 OS=Mus musculus OX=10090 GN=Sf3b1 PE=1 SV=1";2;2;2;1,12e-05;0,0314
"182";"Q05144";"p";"LAPITYPQGLALAK";"Ras-related C3 botulinum toxin substrate 2 OS=Mus musculus OX=10090 GN=Rac2 PE=1 SV=1";1;1;1;5,61e-06;0,0729
"183";"Q9WVS5";"p";"FAEAFEAIPR";"T-complex protein 1 subunit theta OS=Mus musculus OX=10090 GN=Cctq PE=3 SV=1";2;2;2;1,12e-05;0,0402
"184";"P63038";"p";"ALMLQGVDLLADAVAVTMGPK";"60 kDa heat shock protein, mitochondrial OS=Mus musculus OX=10090 GN=Hspd1 PE=1 SV=1";16;21;26;0,000146;0,373
"185";"Q91VC3";"p";"GIYAYGFEKPSAIQQR";"Eukaryotic initiation factor 4A-III OS=Mus musculus OX=10090 GN=Eif4a3 PE=1 SV=3";2;2;2;1,12e-05;0,0633
"186";"Q6IFZ6";"p";"FLEQQNQVLQTK";"Keratin, type II cytoskeletal 1b OS=Mus musculus OX=10090 GN=Krt77 PE=1 SV=1";4;6;16;8,97e-05;0,0804
"187";"Q91V55";"p";"TIAECLADELINAAK";"40S ribosomal protein S5 OS=Mus musculus OX=10090 GN=Rps5 PE=1 SV=1";1;1;1;5,61e-06;0,0735
"188";"P08113,Q91V38";"p";"ELISNASDALDK";"Endoplasmin OS=Mus musculus OX=10090 GN=Hsp90b1 PE=1 SV=2";6;6;7;3,92e-05;0,118
"189";"Q8C129";"p";"ANLINNIFELAGLGK";"Leucyl-cystinyl aminopeptidase OS=Mus musculus OX=10090 GN=Lnpep PE=1 SV=1";2;2;2;1,12e-05;0,0273
"190";"Q925I1";"p";"GLLLFVDEADAFLR";"ATPase family AAA domain-containing protein 3 OS=Mus musculus OX=10090 GN=Atad3 PE=1 SV=1";1;1;1;5,61e-06;0,0237
"191";"Q6ZQH8";"p";"ASPESQEPLIQLVQAFVR";"Nucleoporin NUP188 OS=Mus musculus OX=10090 GN=Nup188 PE=1 SV=2";2;3;3;1,68e-05;0,0227
"192";"P46638";"p";"STIGVEFATR";"Ras-related protein Rab-11B OS=Mus musculus OX=10090 GN=Rab11b PE=1 SV=3";1;1;1;5,61e-06;0,0459
"193";"Q3U6G1,Q923D2";"p";"IAIFGATGR";"NAD(P)-bd_dom domain-containing protein OS=Mus musculus OX=10090 GN=Blvrb PE=1 SV=1";1;1;1;5,61e-06;0,0437
"194";"Q5SXR6";"p";"AFMTADLPNELIELLEK";"Clathrin heavy chain OS=Mus musculus OX=10090 GN=Cltc PE=1 SV=1";13;13;16;8,97e-05;0,126
"195";"Q922U2";"p";"DVDAAYMNK";"Keratin, type II cytoskeletal 5 OS=Mus musculus OX=10090 GN=Krt5 PE=1 SV=1";15;20;40;0,000224;0,198
"196";"Q922R8";"p";"LAAVDATVNQVLASR";"Protein disulfide-isomerase A6 OS=Mus musculus OX=10090 GN=Pdia6 PE=1 SV=3";1;1;1;5,61e-06;0,0341
"197";"Q3TJ21,Q3TMZ1,Q922Q4";"p";"LGAQALLGAAK";"Pyrroline-5-carboxylate reductase OS=Mus musculus OX=10090 GN=Pycr2 PE=2 SV=1";1;1;1;5,61e-06;0,0344
"198";"Q6ZWN5";"p";"LFEGNALLR";"40S ribosomal protein S9 OS=Mus musculus OX=10090 GN=Rps9 PE=1 SV=3";2;2;2;1,12e-05;0,0876
"199";"Q922D8";"p";"YVVVTGITPTPLGEGK";"C-1-tetrahydrofolate synthase, cytoplasmic OS=Mus musculus OX=10090 GN=Mthfd1 PE=1 SV=4";1;1;1;5,61e-06;0,0171
"200";"Q5SUA5";"p";"LIPIIVLLLQK";"Unconventional myosin-Ig OS=Mus musculus OX=10090 GN=Myo1g PE=1 SV=1";1;1;2;1,12e-05;0,0107
"201";"Q921K2";"p";"VFSATLGLVDIVK";"Poly [ADP-ribose] polymerase OS=Mus musculus OX=10090 GN=Parp1 PE=1 SV=1";1;1;1;5,61e-06;0,0128
"202";"A1L333,Q3V0Z8,Q5U222,Q61656,Q8BTS0";"p";"APILIATDVASR";"Probable ATP-dependent RNA helicase DDX5 OS=Mus musculus OX=10090 GN=Ddx5 PE=2 SV=1";5;5;7;3,92e-05;0,101
"203";"A0A0A0MQA5";"p";"AVCMLSNTTAIAEAWAR";"Tubulin alpha chain (Fragment) OS=Mus musculus OX=10090 GN=Tuba4a PE=1 SV=1";2;2;3;1,68e-05;0,256
"204";"G3X956,Q920B9";"p";"ELAAQLNEEAK";"FACT complex subunit OS=Mus musculus OX=10090 GN=Supt16 PE=1 SV=1";3;3;3;1,68e-05;0,0363
"205";"Q920A9";"p";"EAASPVAITVQELFAAPVLK";"Fc receptor-like A OS=Mus musculus OX=10090 GN=Fcrla PE=1 SV=1";1;1;1;5,61e-06;0,0568
"206";"P56480";"p";"AHGGYSVFAGVGER";"ATP synthase subunit beta, mitochondrial OS=Mus musculus OX=10090 GN=Atp5f1b PE=1 SV=2";11;18;46;0,000258;0,318
"207";"B7ZWF1";"p";"SFLLDLLNATGK";"RNA helicase OS=Mus musculus OX=10090 GN=Ddx3x PE=2 SV=1";3;4;6;3,36e-05;0,0696
"208";"P14148,Q3UBI6,Q5M9N8";"p";"IALTDNSLIAR";"60S ribosomal protein L7 OS=Mus musculus OX=10090 GN=Rpl7 PE=1 SV=2";2;2;3;1,68e-05;0,0926
"209";"P32067,Q3TG93,Q8BTU4";"p";"LTTDFNVIVQALSK";"Lupus La protein homolog OS=Mus musculus OX=10090 GN=Ssb PE=1 SV=1";1;1;1;5,61e-06;0,0337
"210";"A0ZVB6,E9QAE3";"p";"AVAAASLVPVVESLVYLQTQK";"TBP-associated factor 170 OS=Mus musculus OX=10090 GN=Btaf1 PE=2 SV=1";2;2;2;1,12e-05;0,0189
"211";"Q5SW88";"p";"LLLIGDSGVGK";"RAB1A, member RAS oncogene family OS=Mus musculus OX=10090 GN=Rab1a PE=1 SV=1";0;0;0;0;0,0545
"212";"Q8BUM1";"p";"FGGNPGGFGNQGGFGNSR";"TAR DNA-binding protein 43 OS=Mus musculus OX=10090 GN=Tardbp PE=2 SV=1";2;2;2;1,12e-05;0,0997
"213";"A0A3B2WBL1,Q3U561,Q5XJF6";"p";"DTLYEAVR";"Ribosomal protein OS=Mus musculus OX=10090 GN=Rpl10a PE=1 SV=1";1;1;1;5,61e-06;0,037
"214";"P50544";"p";"IWISNGGLADIFTVFAK";"Very long-chain specific acyl-CoA dehydrogenase, mitochondrial OS=Mus musculus OX=10090 GN=Acadvl PE=1 SV=3";3;3;4;2,24e-05;0,0838
"215";"A0A0A0MQF6";"p";"AGIALNDNFVK";"Glyceraldehyde-3-phosphate dehydrogenase OS=Mus musculus OX=10090 GN=Gapdh PE=1 SV=1";10;12;18;0,000101;0,373
"216";"Q8C405";"p";"GVLQDPPR";"Nuclear autoantigen Sp-100 OS=Mus musculus OX=10090 GN=Sp100 PE=1 SV=1";1;1;1;5,61e-06;0,0135
"217";"Q8C3J5";"p";"DLIAWQIPFLGAGIK";"Dedicator of cytokinesis protein 2 OS=Mus musculus OX=10090 GN=Dock2 PE=1 SV=3";9;10;10;5,61e-05;0,0673
"218";"A0A068BER1,Q3U543,Q62428,Q62429,Q78E61";"p";"GLVEFQDVSFAYPNQPK";"Transporter 1 ATP-binding cassette sub-family B OS=Mus musculus OX=10090 GN=Tap1 PE=2 SV=1";3;4;7;3,92e-05;0,0856
"219";"Q8C2Q7";"p";"ATENDIYNFFSPLNPVR";"Heterogeneous nuclear ribonucleoprotein H OS=Mus musculus OX=10090 GN=Hnrnph1 PE=1 SV=1";1;1;3;1,68e-05;0,072
"220";"A0A2R8VHP9,Q3TT81,Q61990-2";"p";"IITLAGPTNAIFK";"Poly(rC)-binding protein 2 OS=Mus musculus OX=10090 GN=Pcbp2 PE=1 SV=1";1;1;2;1,12e-05;0,0388
"221";"P49718,Q8BQ03";"p";"LAALPNIYELISK";"DNA replication licensing factor MCM5 OS=Mus musculus OX=10090 GN=Mcm5 PE=1 SV=2";1;1;1;5,61e-06;0,0177
"222";"P02463";"p";"AHGQDLGTAGSCLR";"Collagen alpha-1(IV) chain OS=Mus musculus OX=10090 GN=Col4a1 PE=1 SV=4";3;4;5;2,8e-05;0,0365
"223";"Q8C196";"p";"SVGEVMAIGR";"Carbamoyl-phosphate synthase [ammonia], mitochondrial OS=Mus musculus OX=10090 GN=Cps1 PE=1 SV=2";1;2;7;3,92e-05;0,00667
"224";"A0A087WNZ7";"p";"IDPLALVQAIER";"E3 ubiquitin-protein ligase OS=Mus musculus OX=10090 GN=Trip12 PE=1 SV=1";1;1;1;5,61e-06;0,00602
"225";"P26443";"p";"DDGSWEVIEGYR";"Glutamate dehydrogenase 1, mitochondrial OS=Mus musculus OX=10090 GN=Glud1 PE=1 SV=1";6;6;6;3,36e-05;0,142
"226";"H7BX95,Q6PDM2";"p";"GGGGGGGGGAPR";"Serine/arginine-rich splicing factor 1 OS=Mus musculus OX=10090 GN=Srsf1 PE=1 SV=1";1;1;1;5,61e-06;0,0474
"227";"Q6IFX2";"p";"ALEEANADLEVK";"Keratin, type I cytoskeletal 42 OS=Mus musculus OX=10090 GN=Krt42 PE=1 SV=1";4;5;8;4,48e-05;0,237
"228";"Q9WUM5";"p";"AKPVVSFIAGITAPPGR";"Succinate--CoA ligase [ADP/GDP-forming] subunit alpha, mitochondrial OS=Mus musculus OX=10090 GN=Suclg1 PE=1 SV=4";2;2;3;1,68e-05;0,0925
"229";"Q3TIU7,Q91VD9";"p";"FASEIAGVDDLGTTGR";"NADH-ubiquinone oxidoreductase 75 kDa subunit, mitochondrial OS=Mus musculus OX=10090 GN=Ndufs1 PE=2 SV=1";3;3;5;2,8e-05;0,0813
"230";"Q3V307,Q6PD26";"p";"APLPYSDISGLNALLLR";"Uncharacterized protein OS=Mus musculus OX=10090 GN=Pigs PE=1 SV=1";2;2;2;1,12e-05;0,0685
"231";"O70503";"p";"GIFVQSVMPYLVATK";"Very-long-chain 3-oxoacyl-CoA reductase OS=Mus musculus OX=10090 GN=Hsd17b12 PE=1 SV=1";1;1;1;5,61e-06;0,0481
"232";"Q8BMS1";"p";"ADMVIEAVFEDLGVK";"Trifunctional enzyme subunit alpha, mitochondrial OS=Mus musculus OX=10090 GN=Hadha PE=1 SV=1";22;32;52;0,000292;0,388
"233";"Q8BMR3";"p";"ASSFVLALEPELESR";"Dolichyl-diphosphooligosaccharide--protein glycosyltransferase subunit 1 OS=Mus musculus OX=10090 GN=Rpn1 PE=2 SV=1";7;7;7;3,92e-05;0,166
"234";"P19157";"p";"FEDGDLTLYQSNAILR";"Glutathione S-transferase P 1 OS=Mus musculus OX=10090 GN=Gstp1 PE=1 SV=2";1;1;1;5,61e-06;0,0762
"235";"Q8BMF4";"p";"AALKEGPGAPCGSPRIGPAAVR";"Dihydrolipoyllysine-residue acetyltransferase component of pyruvate dehydrogenase complex, mitochondrial OS=Mus musculus OX=10090 GN=Dlat PE=1 SV=2";2;2;3;1,68e-05;0,0576
"236";"Q9CWK0";"p";"AAIAAAAAAAAAK";"60S ribosomal protein L14 OS=Mus musculus OX=10090 GN=Rpl14 PE=2 SV=1";2;2;3;1,68e-05;0,11
"237";"P19096";"p";"LLLPEDPLISGLLNSQALK";"Fatty acid synthase OS=Mus musculus OX=10090 GN=Fasn PE=1 SV=2";1;1;1;5,61e-06;0,00759
"238";"Q61227";"p";"ALVGGTASTSVVR";"TAP2 OS=Mus musculus OX=10090 GN=Tap2 PE=2 SV=1";5;6;10;5,61e-05;0,105
"239";"Q6PB66";"p";"DVGEPVPFPEPPESFAFYIK";"Leucine-rich PPR motif-containing protein, mitochondrial OS=Mus musculus OX=10090 GN=Lrpprc PE=1 SV=2";5;5;5;2,8e-05;0,056
"240";"Q8BLF1";"p";"IVQEIPQLLDAAASPLIAEQEVLEALPK";"Neutral cholesterol ester hydrolase 1 OS=Mus musculus OX=10090 GN=Nceh1 PE=1 SV=1";1;1;3;1,68e-05;0,0686
"241";"E9PWQ3";"p";"AEQGSGPVSGEKDVVFLIDGSEGVR";"Collagen, type VI, alpha 3 OS=Mus musculus OX=10090 GN=Col6a3 PE=1 SV=2";64;88;118;0,000661;0,297
"242";"Z4YKB8";"p";"LEDVLPLAFTR";"Heterochromatin protein 1-binding protein 3 OS=Mus musculus OX=10090 GN=Hp1bp3 PE=1 SV=1";3;5;9;5,05e-05;0,0957
"243";"E9Q7G0";"p";"EQALSALQLEHTSTQALVSELLPAK";"Nuclear mitotic apparatus protein 1 OS=Mus musculus OX=10090 GN=Numa1 PE=1 SV=1";3;3;3;1,68e-05;0,033
"244";"O70152";"p";"LGGNEIVSFLK";"Dolichol-phosphate mannosyltransferase subunit 1 OS=Mus musculus OX=10090 GN=Dpm1 PE=1 SV=1";1;1;1;5,61e-06;0,0423
"245";"E9PV24";"p";"AQQIQALQSNVR";"Fibrinogen alpha chain OS=Mus musculus OX=10090 GN=Fga PE=1 SV=1";4;4;7;3,92e-05;0,0849
"246";"E9PUF7";"p";"QESGYLIEEIGDVLLAR";"Rho guanine nucleotide exchange factor 1 OS=Mus musculus OX=10090 GN=Arhgef1 PE=1 SV=1";2;2;2;1,12e-05;0,0338
"247";"E9Q557";"p";"ALLQAILQTEDMLK";"Desmoplakin OS=Mus musculus OX=10090 GN=Dsp PE=1 SV=1";3;4;6;3,36e-05;0,0205
"248";"Q8BH95";"p";"AFAAGADIKEMQNR";"Enoyl-CoA hydratase, mitochondrial OS=Mus musculus OX=10090 GN=Echs1 PE=1 SV=1";2;2;2;1,12e-05;0,121
"249";"Q8BH04";"p";"EVLAELEALEGR";"Phosphoenolpyruvate carboxykinase [GTP], mitochondrial OS=Mus musculus OX=10090 GN=Pck2 PE=1 SV=1";4;4;4;2,24e-05;0,0906
"250";"Q8BGJ5";"p";"AQAALQAVNSVQSGNLALAASAAAVDAGMAMAGQSPVLR";"Polypyrimidine tract-binding protein 1 OS=Mus musculus OX=10090 GN=Ptbp1 PE=1 SV=1";7;9;16;8,97e-05;0,282
"251";"Q8BFR5";"p";"AEAGDNLGALVR";"Elongation factor Tu, mitochondrial OS=Mus musculus OX=10090 GN=Tufm PE=1 SV=1";8;9;10;5,61e-05;0,239
"252";"P62918";"p";"AVVGVVAGGGR";"60S ribosomal protein L8 OS=Mus musculus OX=10090 GN=Rpl8 PE=1 SV=2";1;1;1;5,61e-06;0,0428
"253";"P62908";"p";"GGKPEPPAMPQPVPTA";"40S ribosomal protein S3 OS=Mus musculus OX=10090 GN=Rps3 PE=1 SV=1";2;2;2;1,12e-05;0,123
"254";"Q3TAJ4";"p";"ALLNLVPVQK";"Anion exchange protein OS=Mus musculus OX=10090 GN=Slc4a1 PE=2 SV=1";3;3;4;2,24e-05;0,0452
"255";"A0A075B6A0";"p";"DGFSGPAPR";"Immunoglobulin heavy constant mu (Fragment) OS=Mus musculus OX=10090 GN=Ighm PE=1 SV=2";4;4;4;2,24e-05;0,107
"256";"E9Q2M9";"p";"AAAGQLLQWK";"WD repeat- and FYVE domain-containing protein 4 OS=Mus musculus OX=10090 GN=Wdfy4 PE=1 SV=2";5;5;5;2,8e-05;0,021
"257";"Q04857";"p";"DAEEVISQTIDTIVDMIK";"Collagen alpha-1(VI) chain OS=Mus musculus OX=10090 GN=Col6a1 PE=1 SV=1";9;12;22;0,000123;0,104
"258";"Q3TB90";"p";"LPEFGQLILFEPQGGLQNIAAEK";"Ig-like domain-containing protein (Fragment) OS=Mus musculus OX=10090 GN=H2-Aa PE=2 SV=1";2;2;2;1,12e-05;0,156
"259";"A0A0J9YUD5";"p";"ASSEGVAIQGQQGTR";"Nucleoporin 205 OS=Mus musculus OX=10090 GN=Nup205 PE=1 SV=1";15;17;19;0,000107;0,12
"260";"P62827";"p";"AAQGEPQVQFK";"GTP-binding nuclear protein Ran OS=Mus musculus OX=10090 GN=Ran PE=1 SV=3";2;2;2;1,12e-05;0,116
"261";"P62806";"p";"DNIQGITKPAIR";"Histone H4 OS=Mus musculus OX=10090 GN=H4f16 PE=1 SV=2";3;3;4;2,24e-05;0,291
"262";"Q9WTI7-2";"p";"MSLLQLVEILR";"Isoform 2 of Unconventional myosin-Ic OS=Mus musculus OX=10090 GN=Myo1c";1;1;1;5,61e-06;0,0107
"263";"P42209";"p";"GLRPLDVAFLR";"Septin-1 OS=Mus musculus OX=10090 GN=Septin1 PE=1 SV=2";1;1;1;5,61e-06;0,0301
"264";"P52480";"p";"DAVLNAWAEDVDLR";"Pyruvate kinase PKM OS=Mus musculus OX=10090 GN=Pkm PE=1 SV=4";5;8;9;5,05e-05;0,139
"265";"Q61753";"p";"GTIQVVTQGTSLK";"D-3-phosphoglycerate dehydrogenase OS=Mus musculus OX=10090 GN=Phgdh PE=1 SV=3";1;1;1;5,61e-06;0,0244
"266";"Q60597-4";"p";"IEQLSPFPFDLLLK";"Isoform 4 of 2-oxoglutarate dehydrogenase complex component E1 OS=Mus musculus OX=10090 GN=Ogdh";3;3;3;1,68e-05;0,0416
"267";"P15864";"p";"ALAAAGYDVEK";"Histone H1.2 OS=Mus musculus OX=10090 GN=H1-2 PE=1 SV=2";7;8;19;0,000107;0,274
"268";"E9Q0F0";"p";"NNQFASFIDKVR";"Keratin 78 OS=Mus musculus OX=10090 GN=Krt78 PE=1 SV=1";4;5;17;9,53e-05;0,0131
"269";"P80316";"p";"LGFAGVVQEISFGTTK";"T-complex protein 1 subunit epsilon OS=Mus musculus OX=10090 GN=Cct5 PE=1 SV=1";4;4;4;2,24e-05;0,146
"270";"Q0PNF1";"p";"IYTLTGVLIPPSILPILPHR";"FEX2 OS=Mus musculus OX=10090 GN=Stab2 PE=2 SV=1";2;2;2;1,12e-05;0,0195
"271";"Q8CHT0";"p";"AIDAALAAR";"Delta-1-pyrroline-5-carboxylate dehydrogenase, mitochondrial OS=Mus musculus OX=10090 GN=Aldh4a1 PE=1 SV=3";2;2;3;1,68e-05;0,0498
"272";"Q9ERU9";"p";"ELLESFDSALQSVK";"E3 SUMO-protein ligase RanBP2 OS=Mus musculus OX=10090 GN=Ranbp2 PE=1 SV=2";2;2;3;1,68e-05;0,00884
"273";"Q9ERK4";"p";"LVLDAFALPLTNLFK";"Exportin-2 OS=Mus musculus OX=10090 GN=Cse1l PE=1 SV=1";1;1;1;5,61e-06;0,0154
"274";"Q80XN0";"p";"VSVVEPGNFIAATSLYSPER";"D-beta-hydroxybutyrate dehydrogenase, mitochondrial OS=Mus musculus OX=10090 GN=Bdh1 PE=1 SV=2";1;1;1;5,61e-06;0,0583
"275";"P70227";"p";"LVAVPHGNDIASLFELDPTTLQK";"Inositol 1,4,5-trisphosphate receptor type 3 OS=Mus musculus OX=10090 GN=Itpr3 PE=1 SV=3";2;2;2;1,12e-05;0,0127
"276";"Q9JIF7";"p";"VLQDLVMDILR";"Coatomer subunit beta OS=Mus musculus OX=10090 GN=Copb1 PE=1 SV=1";1;1;1;5,61e-06;0,0115
"277";"B2RY90";"p";"LLDVPILLTEQYPEGLGPTVPELGAQGIRPVSK";"Isoc2a protein OS=Mus musculus OX=10090 GN=Isoc2a PE=2 SV=1";1;1;1;5,61e-06;0,16
"278";"Q3ZAW8,Q9EQD6";"p";"ASLENSLEETK";"Keratin 16 OS=Mus musculus OX=10090 GN=Krt16 PE=2 SV=1";2;2;5;2,8e-05;0,109
"279";"Q3TWL6";"p";"AELATEEFLPVTPILEGFVILR";"26S proteasome non-ATPase regulatory subunit 2 OS=Mus musculus OX=10090 GN=Psmd2 PE=2 SV=1";1;1;1;5,61e-06;0,0242
"280";"P05213";"p";"AVCMLSNTTAIAEAWAR";"Tubulin alpha-1B chain OS=Mus musculus OX=10090 GN=Tuba1b PE=1 SV=2";10;15;28;0,000157;0,335
"281";"Q6P5E4";"p";"AIWAALQTQASSSAK";"UDP-glucose:glycoprotein glucosyltransferase 1 OS=Mus musculus OX=10090 GN=Uggt1 PE=1 SV=4";9;10;11;6,17e-05;0,098
"282";"Q6P5D8";"p";"FSFGLLDSPFR";"Structural maintenance of chromosomes flexible hinge domain-containing protein 1 OS=Mus musculus OX=10090 GN=Smchd1 PE=1 SV=2";3;3;3;1,68e-05;0,0294
"283";"Q3UJA1,Q6P5B0";"p";"LSVLDLVVALAPYSDEAAISK";"NUC173 domain-containing protein OS=Mus musculus OX=10090 GN=Rrp12 PE=1 SV=1";2;2;2;1,12e-05;0,034
"284";"P09405,Q3TGR3";"p";"FGYVDFESAEDLEK";"Nucleolin OS=Mus musculus OX=10090 GN=Ncl PE=1 SV=2";1;1;1;5,61e-06;0,0198
"285";"Q6P4T2";"p";"GLFYFDNSFRPVPLEQTYVGITEK";"U5 small nuclear ribonucleoprotein 200 kDa helicase OS=Mus musculus OX=10090 GN=Snrnp200 PE=1 SV=1";8;9;9;5,05e-05;0,0791
"286";"Q61292";"p";"AGNSLAASTAEETAGSAQSR";"Laminin subunit beta-2 OS=Mus musculus OX=10090 GN=Lamb2 PE=1 SV=2";2;2;2;1,12e-05;0,0261
"287";"P12970,Q6P1A9,Q80UT7";"p";"AGVNTVTTLVENK";"60S ribosomal protein L7a OS=Mus musculus OX=10090 GN=Rpl7a PE=1 SV=2";2;2;2;1,12e-05;0,109
"288";"Q9D0K2";"p";"AGGAGVPAFYTSTGYGTLVQEGGSPIK";"Succinyl-CoA:3-ketoacid coenzyme A transferase 1, mitochondrial OS=Mus musculus OX=10090 GN=Oxct1 PE=1 SV=1";2;3;3;1,68e-05;0,0923
"289";"Q61171";"p";"EGGLGPLNIPLLADVTK";"Peroxiredoxin-2 OS=Mus musculus OX=10090 GN=Prdx2 PE=1 SV=3";1;1;1;5,61e-06;0,0859
"290";"P35700";"p";"GLFIIDDKGILR";"Peroxiredoxin-1 OS=Mus musculus OX=10090 GN=Prdx1 PE=1 SV=1";2;2;3;1,68e-05;0,111
"291";"P62082";"p";"AIIIFVPVPQLK";"40S ribosomal protein S7 OS=Mus musculus OX=10090 GN=Rps7 PE=1 SV=1";2;2;2;1,12e-05;0,119
"292";"P61620,Q3TJD0";"p";"FSGNLLVSLLGTWSDTSSGGPAR";"Protein transport protein Sec61 subunit alpha isoform 1 OS=Mus musculus OX=10090 GN=Sec61a1 PE=1 SV=2";1;1;1;5,61e-06;0,0483
"293";"P45952";"p";"AFAGDIANQLATDAVQIFGGYGFNTEYPVEK";"Medium-chain specific acyl-CoA dehydrogenase, mitochondrial OS=Mus musculus OX=10090 GN=Acadm PE=1 SV=1";2;2;2;1,12e-05;0,095
"294";"Q3TK17";"p";"ALLELQLEPEELYQTFQR";"Tr-type G domain-containing protein OS=Mus musculus OX=10090 GN=Eef2 PE=2 SV=1";5;6;8;4,48e-05;0,0967
"295";"B2RTP7";"p";"DYQELMNTK";"Krt2 protein OS=Mus musculus OX=10090 GN=Krt2 PE=2 SV=1";3;6;16;8,97e-05;0,0495
"296";"D3Z7P3";"p";"GGTPPQQQQQQQQQPGASPPAAPGPK";"Glutaminase kidney isoform, mitochondrial OS=Mus musculus OX=10090 GN=Gls PE=1 SV=1";1;1;1;5,61e-06;0,0386
"297";"Q8BFZ3";"p";"DLTDYLMK";"Beta-actin-like protein 2 OS=Mus musculus OX=10090 GN=Actbl2 PE=1 SV=1";0;0;0;0;0,247
"298";"P35564";"p";"APVPTGEVYFADSFDR";"Calnexin OS=Mus musculus OX=10090 GN=Canx PE=1 SV=1";5;5;7;3,92e-05;0,0998
"299";"B9EKP5";"p";"AFGPGLQGGNAGSPAR";"Filamin, alpha OS=Mus musculus OX=10090 GN=Flna PE=2 SV=1";22;24;27;0,000151;0,146
"300";"P35441";"p";"NRIPESGGDNGVFDIFELIGGAR";"Thrombospondin-1 OS=Mus musculus OX=10090 GN=Thbs1 PE=1 SV=1";2;2;2;1,12e-05;0,0291
"301";"P26041,Q3TZQ2";"p";"APDFVFYAPR";"Moesin OS=Mus musculus OX=10090 GN=Msn PE=1 SV=3";2;2;2;1,12e-05;0,0329
"302";"Q02788";"p";"ATYLNSFSHVGTGIVHAINNVVR";"Collagen alpha-2(VI) chain OS=Mus musculus OX=10090 GN=Col6a2 PE=1 SV=3";12;14;20;0,000112;0,162
"303";"P99024";"p";"AILVDLEPGTMDSVR";"Tubulin beta-5 chain OS=Mus musculus OX=10090 GN=Tubb5 PE=1 SV=1";5;7;14;7,85e-05;0,534
"304";"Q8K1B8";"p";"VFVGEEDPEAQSVTLR";"Fermitin family homolog 3 OS=Mus musculus OX=10090 GN=Fermt3 PE=1 SV=1";2;2;2;1,12e-05;0,0436
"305";"Q52L50,Q99JI6";"p";"INVNEIFYDLVR";"Ras-related protein Rap-1b OS=Mus musculus OX=10090 GN=Rap1b PE=1 SV=2";2;2;3;1,68e-05;0,125
"306";"P02535,P02535-2";"p";"ALEESNYELEGK";"Keratin, type I cytoskeletal 10 OS=Mus musculus OX=10090 GN=Krt10 PE=1 SV=3";6;9;25;0,00014;0,14
"307";"P07724,Q546G4";"p";"LGEYGFQNAILVR";"Albumin OS=Mus musculus OX=10090 GN=Alb PE=1 SV=3";1;1;4;2,24e-05;0,0214
"308";"P20029";"p";"AKFEELNMDLFR";"Endoplasmic reticulum chaperone BiP OS=Mus musculus OX=10090 GN=Hspa5 PE=1 SV=3";5;6;8;4,48e-05;0,162
"309";"P08752";"p";"IAQSDYIPTQQDVLR";"Guanine nucleotide-binding protein G(i) subunit alpha-2 OS=Mus musculus OX=10090 GN=Gnai2 PE=1 SV=5";1;1;2;1,12e-05;0,0423
"310";"P62702,Q545F8";"p";"LRECLPLIIFLR";"40S ribosomal protein S4, X isoform OS=Mus musculus OX=10090 GN=Rps4x PE=1 SV=2";2;2;2;1,12e-05;0,0798
"311";"P51881,Q545A2";"p";"AAYFGIYDTAK";"ADP/ATP translocase 2 OS=Mus musculus OX=10090 GN=Slc25a5 PE=1 SV=3";10;12;14;7,85e-05;0,315
"312";"Q9D8E6";"p";"NIPGITLLNVSK";"60S ribosomal protein L4 OS=Mus musculus OX=10090 GN=Rpl4 PE=1 SV=3";1;1;2;1,12e-05;0,0286
"313";"A8DUV3,P01942";"p";"IGGHGAEYGAEALER";"Hemoglobin subunit alpha OS=Mus musculus OX=10090 GN=Hba PE=1 SV=2";2;4;6;3,36e-05;0,31
"314";"Q3UAF7";"p";"AGFAGDDAPR";"Uncharacterized protein OS=Mus musculus OX=10090 GN=Actb PE=2 SV=1";24;42;99;0,000555;0,747
"315";"P47738,Q3TVM2,Q3U9J7,Q544B1";"p";"AAFQLGSPWR";"Aldehyde dehydrogenase, mitochondrial OS=Mus musculus OX=10090 GN=Aldh2 PE=1 SV=1";11;14;26;0,000146;0,243
"316";"A0A1L1STE6";"p";"DMANPTALLLSAVMMLR";"Isocitrate dehydrogenase [NAD] subunit, mitochondrial OS=Mus musculus OX=10090 GN=Idh3a PE=1 SV=1";3;3;3;1,68e-05;0,102
"317";"Q99N15";"p";"GLVAVVTGGASGLGLATAK";"17beta-hydroxysteroid dehydrogenase type 10/short chain L-3-hydroxyacyl-CoA dehydrogenase OS=Mus musculus OX=10090 GN=Hsd17b10 PE=1 SV=1";5;7;8;4,48e-05;0,391
"318";"P11370-DECOY";"p";"HALGGTVLLIGLVGLLAKK";"Retrovirus-related Env polyprotein from Fv-4 locus OS=Mus musculus OX=10090 GN=Fv4 PE=1 SV=2";2;2;2;1,12e-05;0
"319";"Q4VA28";"p";"VYNVTQHAVGIIVNK";"60S ribosomal protein L21 OS=Mus musculus OX=10090 GN=Rpl21 PE=2 SV=1";1;1;1;5,61e-06;0,0938
"320";"Q3U505";"p";"ASLDRPFTDLESAFYSIVGLSSLGVQVPDVK";"Dolichyl-diphosphooligosaccharide--protein glycosyltransferase subunit 2 (Fragment) OS=Mus musculus OX=10090 GN=Rpn2 PE=2 SV=1";10;12;15;8,41e-05;0,3
"321";"P11983";"p";"AFHNEAQVNPER";"T-complex protein 1 subunit alpha OS=Mus musculus OX=10090 GN=Tcp1 PE=1 SV=3";3;4;4;2,24e-05;0,0827
"322";"Q64511";"p";"HVDYVVDQVVSK";"DNA topoisomerase 2-beta OS=Mus musculus OX=10090 GN=Top2b PE=1 SV=2";3;3;5;2,8e-05;0,023
"323";"Q8VIJ6";"p";"FGQGGAGPVGGQGPR";"Splicing factor, proline- and glutamine-rich OS=Mus musculus OX=10090 GN=Sfpq PE=1 SV=1";3;4;5;2,8e-05;0,0787
"324";"Q64475";"p";"AMGIMNSFVNDIFER";"Histone H2B type 1-B OS=Mus musculus OX=10090 GN=H2bc3 PE=1 SV=3";1;3;7;3,92e-05;0,119
"325";"P11835";"p";"LGGDLLQALNEITESGR";"Integrin beta-2 OS=Mus musculus OX=10090 GN=Itgb2 PE=1 SV=2";4;4;5;2,8e-05;0,0765
"326";"A0A1W2P6X3";"p";"AGSVSLDSVLGDVR";"Formin-like protein 1 OS=Mus musculus OX=10090 GN=Fmnl1 PE=1 SV=1";2;2;2;1,12e-05;0,0291
"327";"A0A1W2P768";"p";"FQSSAVMALQEASEAYLVGLFEDTNLCAIHAK";"Histone H3.2 OS=Mus musculus OX=10090 GN=H3c14 PE=1 SV=1";1;1;1;5,61e-06;0,177
"328";"Q64518-1";"p";"ALGVAVATGLQTELGK";"Isoform SERCA3B of Sarcoplasmic/endoplasmic reticulum calcium ATPase 3 OS=Mus musculus OX=10090 GN=Atp2a3";7;8;11;6,17e-05;0,101
"329";"Q3U6N7";"p";"ISTSLPVLDLIDAIQPGSINYDLLK";"Uncharacterized protein OS=Mus musculus OX=10090 GN=Lcp1 PE=2 SV=1";4;5;6;3,36e-05;0,105
"330";"O35641,P01902,Q5KTQ2";"p";"WAAVVVPLGK";"H-2K(D) antigen OS=Mus musculus OX=10090 PE=3 SV=1";1;1;1;5,61e-06;0,0272
"331";"Q3U6S1";"p";"ILLAELEQLK";"Vimentin OS=Mus musculus OX=10090 GN=Vim PE=2 SV=1";3;3;3;1,68e-05;0,0923
"332";"Q64310";"p";"GQNDLMGTAEDFADQFLR";"Surfeit locus protein 4 OS=Mus musculus OX=10090 GN=Surf4 PE=1 SV=1";2;2;2;1,12e-05;0,126
"333";"P62983,Q642L7";"p";"ESTLHLVLR";"Ubiquitin-40S ribosomal protein S27a OS=Mus musculus OX=10090 GN=Rps27a PE=1 SV=2";3;3;7;3,92e-05;0,218
"334";"Q642K1";"p";"ILTFDQLALESPK";"Ribosomal protein L18 OS=Mus musculus OX=10090 GN=Rpl18 PE=2 SV=1";2;2;2;1,12e-05;0,122
"335";"P08122";"p";"GLDGFQGPSGPR";"Collagen alpha-2(IV) chain OS=Mus musculus OX=10090 GN=Col4a2 PE=1 SV=4";4;5;5;2,8e-05;0,0293
"336";"Q3TW11";"p";"ELSAVTFPDIIR";"Signal transducer and activator of transcription OS=Mus musculus OX=10090 GN=Stat1 PE=2 SV=1";1;1;1;5,61e-06;0,016
"337";"Q3U7R1";"p";"ALTLGALTLPLAR";"Extended synaptotagmin-1 OS=Mus musculus OX=10090 GN=Esyt1 PE=1 SV=2";11;16;24;0,000135;0,18
"338";"G3X9Q3";"p";"SPLSAASPAELPTEGAFPDGVEDISTLLADVAR";"Rho GTPase-activating protein 45 OS=Mus musculus OX=10090 GN=Arhgap45 PE=1 SV=1";1;1;2;1,12e-05;0,0296
"339";"G3X9B1";"p";"FAALITVLALAEK";"HEAT repeat-containing protein 1 OS=Mus musculus OX=10090 GN=Heatr1 PE=1 SV=1";1;1;1;5,61e-06;0,00607
"340";"Q3TWN8";"p";"TDLLIVLSDVEGLFDSPPGSDDAK";"Delta-1-pyrroline-5-carboxylate synthase OS=Mus musculus OX=10090 GN=Aldh18a1 PE=2 SV=1";2;2;2;1,12e-05;0,0453
"341";"Q3UXP2";"p";"AVLIAGQPGTGK";"RuvB-like helicase OS=Mus musculus OX=10090 GN=Ruvbl2 PE=2 SV=1";1;1;1;5,61e-06;0,0259
"342";"Q9QY81";"p";"AIIHVSDIQELYVR";"Nuclear pore membrane glycoprotein 210 OS=Mus musculus OX=10090 GN=Nup210 PE=1 SV=2";24;39;42;0,000235;0,221
"343";"Q5DTP7";"p";"GPFLVSAPLSTIINWER";"DNA helicase (Fragment) OS=Mus musculus OX=10090 GN=Chd4 PE=2 SV=1";1;1;2;1,12e-05;0,00874
"344";"P11499";"p";"ADLINNLGTIAK";"Heat shock protein HSP 90-beta OS=Mus musculus OX=10090 GN=Hsp90ab1 PE=1 SV=3";6;6;9;5,05e-05;0,116
"345";"P38647";"p";"ALLAGKDSETGENIR";"Stress-70 protein, mitochondrial OS=Mus musculus OX=10090 GN=Hspa9 PE=1 SV=3";17;18;24;0,000135;0,33
"346";"P27661";"p";"GVTIAQGGVLPNIQAVLLPK";"Histone H2AX OS=Mus musculus OX=10090 GN=H2ax PE=1 SV=2";2;4;10;5,61e-05;0,14
"347";"Q9QZ83";"p";"DLTDYLMK";"Gamma actin-like protein OS=Mus musculus OX=10090 GN=Actg1 PE=2 SV=1";2;5;6;3,36e-05;0,583
"348";"Q8VDN2";"p";"GVGIISEGNETVEDIAAR";"Sodium/potassium-transporting ATPase subunit alpha-1 OS=Mus musculus OX=10090 GN=Atp1a1 PE=1 SV=1";2;2;3;1,68e-05;0,0323
"349";"Q8VDD5";"p";"AGVLAHLEEER";"Myosin-9 OS=Mus musculus OX=10090 GN=Myh9 PE=1 SV=4";82;136;183;0,00103;0,463
"350";"P27773";"p";"ALEQFLQEYFDGNLKR";"Protein disulfide-isomerase A3 OS=Mus musculus OX=10090 GN=Pdia3 PE=1 SV=2";11;12;12;6,73e-05;0,271
"351";"Q8VCW8";"p";"AASGLLSIGLR";"Medium-chain acyl-CoA ligase ACSF2, mitochondrial OS=Mus musculus OX=10090 GN=Acsf2 PE=1 SV=1";8;9;9;5,05e-05;0,228
"352";"P21550";"p";"AAVPSGASTGIYEALELR";"Beta-enolase OS=Mus musculus OX=10090 GN=Eno3 PE=1 SV=3";1;1;1;5,61e-06;0,076
"353";"Q3UER8,Q8VCM7";"p";"AIQVYYNPDQPPKPGMIDSATQK";"Fibrinogen gamma chain OS=Mus musculus OX=10090 GN=Fgg PE=1 SV=1";6;7;10;5,61e-05;0,203
"354";"Q9DB77";"p";"GNNTTSLLSQSVAK";"Cytochrome b-c1 complex subunit 2, mitochondrial OS=Mus musculus OX=10090 GN=Uqcrc2 PE=1 SV=1";3;3;4;2,24e-05;0,113
"355";"P11276";"p";"APITGYIIR";"Fibronectin OS=Mus musculus OX=10090 GN=Fn1 PE=1 SV=4";11;12;12;6,73e-05;0,0747
"356";"Q9Z2X1";"p";"ATENDIYNFFSPLNPVR";"Heterogeneous nuclear ribonucleoprotein F OS=Mus musculus OX=10090 GN=Hnrnpf PE=1 SV=3";2;3;5;2,8e-05;0,0819
"357";"Q9Z2I8";"p";"LEGTNVQEAQNILK";"Succinate--CoA ligase [GDP-forming] subunit beta, mitochondrial OS=Mus musculus OX=10090 GN=Suclg2 PE=1 SV=3";1;1;1;5,61e-06;0,0323
"358";"Q3TVV6,Q8C290,Q8VEK3,Q8VEK3-2";"p";"DIDIHEVR";"Uncharacterized protein OS=Mus musculus OX=10090 GN=Hnrnpu PE=2 SV=1";6;7;12;6,73e-05;0,09
"359";"Q9Z204";"p";"GFAFVQYVNER";"Heterogeneous nuclear ribonucleoproteins C1/C2 OS=Mus musculus OX=10090 GN=Hnrnpc PE=1 SV=1";2;2;2;1,12e-05;0,0735
"360";"Q3V3R1";"p";"ASGLVPNVVVLVATVR";"Monofunctional C1-tetrahydrofolate synthase, mitochondrial OS=Mus musculus OX=10090 GN=Mthfd1l PE=1 SV=2";12;14;21;0,000118;0,157
"361";"P38060";"p";"EVSVFGAVSELFTR";"Hydroxymethylglutaryl-CoA lyase, mitochondrial OS=Mus musculus OX=10090 GN=Hmgcl PE=1 SV=2";1;1;1;5,61e-06;0,0431
"362";"P20918,Q3V1T9";"p";"EQQCVIMAENSK";"Plasminogen OS=Mus musculus OX=10090 GN=Plg PE=1 SV=3";1;1;1;5,61e-06;0,0148
"363";"G3UX26,Q60930";"p";"LTLSALVDGK";"Voltage-dependent anion-selective channel protein 2 OS=Mus musculus OX=10090 GN=Vdac2 PE=1 SV=1";2;2;2;1,12e-05;0,106
"364";"Q3V0T4";"p";"SSLSPQSLVDAIVQLQGLTYTASGIQK";"Integrin alpha-D OS=Mus musculus OX=10090 GN=Itgad PE=1 SV=1";1;1;1;5,61e-06;0,0231
"365";"A0A0R4J170";"p";"IQELENLPGSLAGDLR";"Transcription activator BRG1 OS=Mus musculus OX=10090 GN=Smarca4 PE=1 SV=1";2;2;2;1,12e-05;0,0223
"366";"P48036";"p";"GLGTDEDSILNLLTSR";"Annexin A5 OS=Mus musculus OX=10090 GN=Anxa5 PE=1 SV=1";1;1;2;1,12e-05;0,0502
"367";"P29351,Q3UCJ0";"p";"DSNIPGSDYINANYVK";"Tyrosine-protein phosphatase non-receptor type 6 OS=Mus musculus OX=10090 GN=Ptpn6 PE=1 SV=2";5;5;6;3,36e-05;0,134
"368";"Q6NXH9";"p";"FLEQQNQVLQTK";"Keratin, type II cytoskeletal 73 OS=Mus musculus OX=10090 GN=Krt73 PE=1 SV=1";1;1;25;0,00014;0,0427
"369";"Q60710";"p";"ADPYVEITGTAGK";"Deoxynucleoside triphosphate triphosphohydrolase SAMHD1 OS=Mus musculus OX=10090 GN=Samhd1 PE=1 SV=3";4;5;6;3,36e-05;0,119
"370";"Q5XW49";"p";"ATAASLTIPR";"Tapasin (Fragment) OS=Mus musculus OX=10090 GN=Tapbp PE=2 SV=1";2;2;2;1,12e-05;0,0496
"371";"P68373";"p";"AVCMLSNTTAIAEAWAR";"Tubulin alpha-1C chain OS=Mus musculus OX=10090 GN=Tuba1c PE=1 SV=1";1;1;1;5,61e-06;0,361
